motif,num_instances,enrichment_ratio,adjusted_p_value,indices,window_positions
CTATT,35,1.488704,0.0,"[19, 45, 648, 1292, 2845, 3123, 3999, 62, 4707, 4813, 605, 1923, 2357, 2425, 2954, 2995, 3278, 3937, 3242, 3792, 4026, 1668, 2108, 2226, 2536, 3315, 3340, 3649, 414, 1247, 1803, 2373, 3658, 3671, 3773]","[(39, 63), (39, 63), (29, 53), (11, 35), (62, 86), (17, 41), (28, 52), (60, 84), (25, 49), (16, 40), (61, 85), (13, 37), (9, 33), (7, 31), (2, 26), (67, 91), (63, 87), (23, 47), (39, 63), (28, 52), (13, 37), (38, 62), (11, 35), (13, 37), (39, 63), (64, 88), (40, 64), (67, 91), (8, 32), (27, 51), (34, 58), (36, 60), (41, 65), (66, 90), (34, 58)]"
ATTTT,42,1.447849,0.0,"[28, 281, 637, 1852, 2396, 2488, 2897, 2928, 3990, 4881, 56, 2276, 2465, 3076, 3137, 3277, 4069, 4509, 4942, 111, 182, 1736, 1867, 4327, 1185, 1042, 1321, 1539, 1922, 2383, 2560, 2690, 2707, 2783, 3405, 4388, 4989, 2715, 3685, 3842, 4738, 4828]","[(67, 91), (6, 30), (52, 76), (39, 63), (67, 91), (54, 78), (67, 91), (66, 90), (27, 51), (24, 48), (9, 33), (67, 91), (22, 46), (50, 74), (43, 67), (30, 54), (53, 77), (34, 58), (6, 30), (40, 64), (63, 87), (36, 60), (38, 62), (64, 88), (50, 74), (20, 44), (25, 49), (32, 56), (63, 87), (56, 80), (67, 91), (25, 49), (14, 38), (55, 79), (64, 88), (40, 64), (30, 54), (50, 74), (2, 26), (66, 90), (29, 53), (9, 33)]"
TTTAT,19,1.507289,0.0,"[41, 3718, 106, 647, 5063, 468, 503, 965, 2956, 3641, 833, 821, 839, 1220, 1228, 2669, 3162, 4501, 4590]","[(42, 66), (30, 54), (27, 51), (52, 76), (66, 90), (42, 66), (21, 45), (2, 26), (44, 68), (53, 77), (61, 85), (28, 52), (1, 25), (22, 46), (6, 30), (12, 36), (11, 35), (26, 50), (45, 69)]"
CAAAA,63,1.714333,0.0,"[60, 711, 3198, 3214, 3471, 4216, 4385, 4434, 68, 391, 472, 828, 1354, 1535, 2044, 2135, 2209, 3401, 3472, 3502, 3791, 3989, 4354, 4598, 242, 291, 964, 1755, 1962, 2082, 3107, 3494, 5070, 418, 469, 844, 1393, 1684, 2785, 3109, 485, 2986, 4471, 731, 2332, 2539, 4923, 935, 3157, 3849, 4398, 4965, 2305, 4263, 776, 1199, 1406, 1754, 1981, 2095, 2449, 2753, 3065]","[(28, 52), (35, 59), (34, 58), (27, 51), (63, 87), (38, 62), (61, 85), (53, 77), (22, 46), (35, 59), (21, 45), (47, 71), (6, 30), (55, 79), (49, 73), (51, 75), (60, 84), (18, 42), (56, 80), (42, 66), (39, 63), (62, 86), (45, 69), (3, 27), (11, 35), (52, 76), (29, 53), (14, 38), (43, 67), (58, 82), (47, 71), (67, 91), (60, 84), (47, 71), (37, 61), (59, 83), (7, 31), (44, 68), (34, 58), (63, 87), (33, 57), (21, 45), (30, 54), (42, 66), (57, 81), (22, 46), (62, 86), (23, 47), (23, 47), (9, 33), (39, 63), (11, 35), (21, 45), (24, 48), (37, 61), (30, 54), (1, 25), (17, 41), (24, 48), (25, 49), (22, 46), (61, 85), (37, 61)]"
TCTTA,12,1.445976,0.0,"[2530, 323, 1979, 2062, 3493, 1269, 1293, 1623, 1632, 3415, 3686, 4404]","[(52, 76), (13, 37), (25, 49), (27, 51), (39, 63), (16, 40), (12, 36), (12, 36), (8, 32), (36, 60), (17, 41), (35, 59)]"
CTTTA,13,1.520407,0.0,"[120, 1091, 2139, 4127, 1452, 2858, 2928, 4449, 3427, 5010, 1061, 4167, 4455]","[(15, 39), (67, 91), (27, 51), (4, 28), (32, 56), (32, 56), (19, 43), (48, 72), (28, 52), (59, 83), (65, 89), (31, 55), (58, 82)]"
CACAT,5,1.571354,0.0,"[1817, 627, 627, 2421, 4030]","[(13, 37), (2, 26), (47, 71), (11, 35), (8, 32)]"
AAAGT,13,1.586721,0.0,"[150, 2382, 351, 2391, 4844, 1779, 1864, 3719, 3722, 4106, 1040, 3381, 3419]","[(54, 78), (1, 25), (67, 91), (38, 62), (3, 27), (12, 36), (67, 91), (33, 57), (18, 42), (62, 86), (1, 25), (45, 69), (33, 57)]"
AACTC,3,1.21642,2e-08,"[184, 1126, 4370]","[(14, 38), (53, 77), (48, 72)]"
ATAAC,9,1.949643,0.0,"[330, 546, 1475, 1673, 3493, 4676, 4732, 1400, 3385]","[(43, 67), (6, 30), (34, 58), (52, 76), (5, 29), (15, 39), (8, 32), (51, 75), (50, 74)]"
ACACA,12,1.510755,0.0,"[798, 910, 918, 1753, 2988, 3417, 3498, 3584, 4795, 1462, 2157, 4562]","[(36, 60), (25, 49), (12, 36), (46, 70), (1, 25), (53, 77), (5, 29), (24, 48), (55, 79), (13, 37), (33, 57), (6, 30)]"
TTAAA,90,2.248217,0.0,"[253, 788, 845, 898, 1870, 2120, 2570, 3443, 3754, 3793, 3884, 3995, 4160, 4244, 4360, 1271, 1393, 2324, 3834, 1305, 2084, 3076, 3160, 4636, 4882, 4977, 4, 265, 514, 656, 841, 1001, 1100, 1176, 1188, 1563, 1577, 1869, 1903, 2015, 2024, 2056, 2153, 2203, 2602, 2677, 2707, 2736, 3782, 4035, 4035, 4037, 4474, 4526, 4530, 4705, 4751, 4850, 78, 1963, 2046, 3443, 4435, 4661, 4988, 5065, 340, 599, 826, 2899, 565, 1345, 1379, 1538, 1550, 1601, 2237, 2858, 3328, 3387, 3535, 3781, 3998, 4618, 4651, 5024, 1465, 1797, 1981, 3015]","[(38, 62), (51, 75), (54, 78), (4, 28), (48, 72), (25, 49), (48, 72), (27, 51), (26, 50), (59, 83), (27, 51), (23, 47), (4, 28), (1, 25), (4, 28), (19, 43), (43, 67), (57, 81), (16, 40), (4, 28), (40, 64), (59, 83), (28, 52), (66, 90), (44, 68), (48, 72), (55, 79), (57, 81), (42, 66), (65, 89), (47, 71), (50, 74), (27, 51), (23, 47), (10, 34), (66, 90), (15, 39), (16, 40), (18, 42), (28, 52), (56, 80), (65, 89), (11, 35), (50, 74), (4, 28), (17, 41), (24, 48), (61, 85), (3, 27), (36, 60), (43, 67), (11, 35), (24, 48), (57, 81), (48, 72), (32, 56), (47, 71), (51, 75), (5, 29), (4, 28), (12, 36), (35, 59), (7, 31), (33, 57), (24, 48), (22, 46), (66, 90), (44, 68), (25, 49), (36, 60), (53, 77), (46, 70), (28, 52), (20, 44), (25, 49), (59, 83), (23, 47), (67, 91), (38, 62), (13, 37), (5, 29), (37, 61), (3, 27), (67, 91), (59, 83), (40, 64), (66, 90), (43, 67), (2, 26), (12, 36)]"
TAAAT,18,2.142309,0.0,"[315, 721, 2236, 2745, 3528, 4731, 524, 1035, 1343, 1944, 2502, 3142, 1506, 693, 2250, 2274, 4076, 3077]","[(61, 85), (43, 67), (57, 81), (25, 49), (54, 78), (36, 60), (1, 25), (36, 60), (42, 66), (56, 80), (52, 76), (53, 77), (12, 36), (62, 86), (57, 81), (24, 48), (24, 48), (21, 45)]"
ACTAA,23,1.916576,0.0,"[332, 857, 3439, 4096, 746, 1285, 835, 2131, 2593, 2632, 3919, 4575, 859, 1324, 4064, 2690, 4362, 1128, 4810, 478, 840, 2644, 1666]","[(58, 82), (17, 41), (3, 27), (6, 30), (59, 83), (27, 51), (11, 35), (64, 88), (13, 37), (57, 81), (52, 76), (41, 65), (55, 79), (33, 57), (48, 72), (1, 25), (40, 64), (48, 72), (16, 40), (63, 87), (27, 51), (30, 54), (47, 71)]"
ACAAT,21,1.497766,0.0,"[365, 2026, 2034, 1285, 3200, 3851, 1522, 3692, 5034, 642, 1486, 2364, 2973, 3026, 3101, 3267, 3647, 3788, 4943, 4977, 2779]","[(44, 68), (29, 53), (1, 25), (3, 27), (51, 75), (67, 91), (21, 45), (7, 31), (8, 32), (31, 55), (1, 25), (59, 83), (57, 81), (62, 86), (33, 57), (63, 87), (5, 29), (38, 62), (10, 34), (56, 80), (8, 32)]"
TATTT,14,1.544657,0.0,"[369, 491, 500, 589, 1235, 2727, 3963, 813, 1471, 2727, 2863, 2883, 4418, 4683]","[(50, 74), (47, 71), (60, 84), (54, 78), (28, 52), (63, 87), (45, 69), (28, 52), (40, 64), (1, 25), (33, 57), (16, 40), (63, 87), (28, 52)]"
ATCCA,3,1.586488,0.0,"[561, 1749, 3064]","[(39, 63), (54, 78), (44, 68)]"
TATAA,11,2.423322,0.0,"[667, 1080, 4254, 782, 1672, 2474, 393, 2364, 779, 2671, 5000]","[(42, 66), (24, 48), (45, 69), (51, 75), (16, 40), (45, 69), (17, 41), (8, 32), (37, 61), (37, 61), (38, 62)]"
CCCTA,10,2.590116,0.0,"[750, 1235, 2756, 1249, 2258, 4091, 4697, 4741, 2536, 3589]","[(42, 66), (40, 64), (33, 57), (14, 38), (5, 29), (19, 43), (8, 32), (56, 80), (3, 27), (56, 80)]"
TAATA,26,2.016629,0.0,"[2003, 2522, 3190, 3850, 4448, 1279, 2404, 3751, 3347, 3799, 4274, 5052, 101, 153, 718, 1329, 2238, 2802, 2892, 3729, 5024, 707, 1655, 2360, 3920, 4589]","[(35, 59), (31, 55), (34, 58), (21, 45), (37, 61), (13, 37), (3, 27), (59, 83), (51, 75), (47, 71), (52, 76), (52, 76), (50, 74), (6, 30), (32, 56), (37, 61), (20, 44), (40, 64), (3, 27), (47, 71), (13, 37), (5, 29), (53, 77), (62, 86), (35, 59), (37, 61)]"
AATAT,17,2.007842,0.0,"[832, 1997, 3139, 1070, 3981, 1635, 1972, 278, 359, 751, 1132, 2012, 4413, 89, 2556, 2832, 4996]","[(48, 72), (1, 25), (61, 85), (7, 31), (50, 74), (30, 54), (32, 56), (25, 49), (2, 26), (52, 76), (27, 51), (1, 25), (5, 29), (27, 51), (50, 74), (12, 36), (63, 87)]"
CCTAC,7,1.414792,3e-08,"[935, 2525, 4566, 1837, 3865, 3123, 4310]","[(0, 24), (0, 24), (36, 60), (13, 37), (14, 38), (3, 27), (38, 62)]"
CGAAT,4,1.904345,1.17e-06,"[1281, 4897, 1400, 3065]","[(16, 40), (14, 38), (37, 61), (50, 74)]"
ATATA,10,1.705331,0.0,"[1787, 2464, 3970, 4378, 2355, 709, 2440, 2649, 3038, 3182]","[(56, 80), (53, 77), (29, 53), (53, 77), (55, 79), (65, 89), (49, 73), (27, 51), (38, 62), (1, 25)]"
ACGTG,4,1.642779,4.9e-07,"[3158, 3725, 4235, 4261]","[(17, 41), (15, 39), (13, 37), (56, 80)]"
CCGAA,3,1.857253,3.897e-05,"[3735, 462, 3714]","[(0, 24), (18, 42), (37, 61)]"
AAAAAA,77,2.917152,0.0,"[5, 1738, 3211, 33, 243, 304, 416, 418, 1106, 1306, 1374, 1568, 1635, 2089, 2542, 2590, 3088, 3161, 3196, 3235, 3464, 3888, 4685, 3544, 2679, 3955, 221, 1058, 4747, 928, 300, 567, 1892, 4571, 332, 3162, 2151, 645, 1638, 3103, 3205, 3550, 4243, 4755, 676, 2153, 4035, 733, 4771, 893, 1888, 2799, 906, 3518, 1069, 1498, 4217, 1530, 2583, 4582, 1873, 2410, 3458, 2753, 2754, 4707, 4872, 3238, 3394, 3722, 82, 673, 1997, 1187, 2315, 2353, 4727]","[(11, 35), (53, 77), (22, 46), (9, 33), (13, 37), (3, 27), (51, 75), (53, 77), (30, 54), (24, 48), (56, 80), (0, 24), (38, 62), (39, 63), (35, 59), (63, 87), (5, 29), (53, 77), (24, 48), (51, 75), (14, 38), (19, 43), (0, 24), (36, 60), (24, 48), (57, 81), (21, 45), (11, 35), (9, 33), (3, 27), (52, 76), (19, 43), (15, 39), (18, 42), (1, 25), (56, 80), (31, 55), (1, 25), (17, 41), (30, 54), (7, 31), (18, 42), (12, 36), (9, 33), (5, 29), (30, 54), (65, 89), (6, 30), (22, 46), (66, 90), (65, 89), (34, 58), (18, 42), (11, 35), (45, 69), (33, 57), (65, 89), (46, 70), (27, 51), (10, 34), (50, 74), (23, 47), (23, 47), (52, 76), (4, 28), (61, 85), (9, 33), (37, 61), (64, 88), (35, 59), (2, 26), (23, 47), (59, 83), (55, 79), (65, 89), (23, 47), (22, 46)]"
ACTTAT,95,2.223638,0.0,"[7, 2024, 2164, 2234, 3213, 4497, 2101, 4599, 87, 368, 510, 887, 946, 1169, 1465, 1834, 2109, 2117, 2245, 2297, 2326, 2387, 2542, 2607, 2733, 2745, 2756, 2770, 2903, 2962, 3049, 3641, 3702, 3928, 4034, 4038, 4339, 4402, 4422, 4501, 4509, 4553, 4556, 4558, 4569, 4598, 4623, 4976, 4984, 5042, 223, 946, 2028, 3158, 3172, 4458, 5047, 5085, 254, 2991, 368, 517, 833, 873, 892, 3667, 4253, 5002, 668, 1980, 4362, 4728, 1284, 1876, 1127, 2882, 1366, 2994, 3242, 3460, 5048, 2179, 3412, 1490, 3502, 2247, 2961, 3405, 4682, 1086, 2996, 2120, 2356, 3459, 4826]","[(53, 77), (6, 30), (53, 77), (10, 34), (37, 61), (59, 83), (49, 73), (5, 29), (33, 57), (50, 74), (7, 31), (61, 85), (31, 55), (7, 31), (14, 38), (61, 85), (41, 65), (43, 67), (7, 31), (21, 45), (56, 80), (62, 86), (2, 26), (41, 65), (36, 60), (50, 74), (10, 34), (11, 35), (7, 31), (66, 90), (20, 44), (66, 90), (35, 59), (57, 81), (55, 79), (54, 78), (53, 77), (41, 65), (13, 37), (47, 71), (58, 82), (30, 54), (64, 88), (46, 70), (64, 88), (47, 71), (59, 83), (54, 78), (29, 53), (63, 87), (27, 51), (38, 62), (4, 28), (29, 53), (63, 87), (40, 64), (51, 75), (10, 34), (12, 36), (63, 87), (59, 83), (3, 27), (15, 39), (57, 81), (7, 31), (63, 87), (64, 88), (17, 41), (13, 37), (7, 31), (21, 45), (24, 48), (11, 35), (28, 52), (64, 88), (37, 61), (3, 27), (66, 90), (5, 29), (48, 72), (45, 69), (55, 79), (22, 46), (10, 34), (13, 37), (61, 85), (65, 89), (13, 37), (51, 75), (42, 66), (12, 36), (5, 29), (14, 38), (52, 76), (6, 30)]"
CTCAAA,126,2.464984,0.0,"[824, 1838, 3855, 4904, 9, 153, 709, 730, 1778, 1883, 2046, 3345, 3375, 3453, 3862, 4130, 4684, 4897, 76, 423, 908, 1720, 2047, 3019, 4950, 152, 650, 892, 1163, 1350, 2049, 2234, 3372, 3703, 4360, 4724, 5032, 5034, 176, 2613, 248, 355, 536, 638, 973, 1008, 1061, 1133, 1227, 1359, 1627, 1740, 1848, 1898, 1946, 2076, 2267, 2686, 2938, 3001, 3420, 3501, 3780, 3792, 3865, 4289, 4299, 4430, 4456, 4910, 305, 610, 685, 702, 1022, 3361, 313, 1005, 3940, 978, 3116, 3468, 3686, 3743, 4281, 4622, 4851, 5027, 1744, 2065, 2324, 3198, 4047, 4177, 4298, 4331, 2202, 4435, 4827, 2324, 2659, 3541, 3589, 3751, 3198, 38, 495, 3518, 518, 2134, 650, 3836, 694, 797, 964, 1698, 2080, 3326, 3687, 4759, 5050, 2769, 5098, 3819, 4320, 1383]","[(32, 56), (22, 46), (33, 57), (66, 90), (49, 73), (26, 50), (45, 69), (0, 24), (25, 49), (4, 28), (24, 48), (36, 60), (38, 62), (27, 51), (3, 27), (11, 35), (29, 53), (42, 66), (40, 64), (30, 54), (26, 50), (11, 35), (53, 77), (53, 77), (36, 60), (31, 55), (4, 28), (58, 82), (23, 47), (10, 34), (0, 24), (64, 88), (54, 78), (4, 28), (29, 53), (25, 49), (29, 53), (62, 86), (33, 57), (6, 30), (21, 45), (42, 66), (20, 44), (57, 81), (22, 46), (56, 80), (47, 71), (46, 70), (42, 66), (23, 47), (19, 43), (65, 89), (17, 41), (4, 28), (65, 89), (27, 51), (20, 44), (66, 90), (34, 58), (27, 51), (34, 58), (63, 87), (46, 70), (48, 72), (36, 60), (24, 48), (49, 73), (63, 87), (42, 66), (31, 55), (52, 76), (53, 77), (46, 70), (65, 89), (63, 87), (28, 52), (7, 31), (30, 54), (66, 90), (49, 73), (61, 85), (35, 59), (37, 61), (44, 68), (8, 32), (11, 35), (10, 34), (46, 70), (13, 37), (31, 55), (42, 66), (50, 74), (25, 49), (59, 83), (3, 27), (34, 58), (35, 59), (58, 82), (38, 62), (66, 90), (5, 29), (50, 74), (5, 29), (50, 74), (12, 36), (11, 35), (27, 51), (41, 65), (13, 37), (44, 68), (24, 48), (34, 58), (33, 57), (24, 48), (38, 62), (6, 30), (64, 88), (48, 72), (26, 50), (26, 50), (21, 45), (15, 39), (45, 69), (22, 46), (60, 84), (24, 48)]"
TAATTT,96,2.756327,0.0,"[38, 908, 2503, 2737, 4553, 4584, 4697, 4763, 94, 1546, 1739, 1792, 3362, 3764, 4279, 226, 464, 468, 813, 825, 908, 989, 1001, 1350, 1613, 1758, 2051, 2127, 2169, 2212, 2276, 2553, 2671, 3122, 3357, 3885, 4090, 4105, 4196, 4619, 4737, 376, 1008, 1332, 3852, 387, 1480, 1790, 489, 592, 3162, 3072, 4906, 1150, 3761, 5086, 1164, 1340, 1540, 1560, 2138, 4812, 1703, 1794, 2761, 4860, 4867, 3243, 4490, 3075, 3191, 3406, 156, 381, 385, 4652, 449, 4496, 972, 2850, 3515, 3953, 4140, 1036, 1356, 1415, 2866, 4121, 1290, 2274, 1458, 1646, 2479, 3537, 2472, 3357]","[(43, 67), (57, 81), (48, 72), (33, 57), (9, 33), (11, 35), (66, 90), (53, 77), (37, 61), (15, 39), (14, 38), (49, 73), (51, 75), (52, 76), (49, 73), (14, 38), (55, 79), (66, 90), (65, 89), (14, 38), (64, 88), (44, 68), (43, 67), (64, 88), (24, 48), (59, 83), (14, 38), (65, 89), (65, 89), (38, 62), (29, 53), (17, 41), (17, 41), (33, 57), (56, 80), (63, 87), (43, 67), (51, 75), (63, 87), (66, 90), (26, 50), (15, 39), (1, 25), (36, 60), (8, 32), (25, 49), (50, 74), (53, 77), (64, 88), (2, 26), (36, 60), (14, 38), (48, 72), (12, 36), (12, 36), (63, 87), (25, 49), (24, 48), (52, 76), (13, 37), (60, 84), (53, 77), (31, 55), (24, 48), (30, 54), (36, 60), (28, 52), (20, 44), (38, 62), (11, 35), (15, 39), (24, 48), (66, 90), (39, 63), (62, 86), (51, 75), (65, 89), (26, 50), (65, 89), (38, 62), (44, 68), (56, 80), (15, 39), (49, 73), (18, 42), (33, 57), (14, 38), (66, 90), (38, 62), (11, 35), (27, 51), (63, 87), (6, 30), (28, 52), (10, 34), (47, 71)]"
AACATT,43,2.257042,0.0,"[41, 1838, 325, 2169, 2325, 2876, 3557, 3739, 325, 3084, 770, 1118, 3450, 3473, 4112, 1896, 3131, 4675, 4971, 2646, 3207, 3639, 4310, 4506, 4876, 1449, 3233, 1615, 2532, 2700, 2764, 4430, 4213, 356, 2473, 3186, 3593, 3784, 1407, 2606, 2692, 4595, 2703]","[(50, 74), (46, 70), (45, 69), (52, 76), (26, 50), (64, 88), (17, 41), (14, 38), (64, 88), (28, 52), (15, 39), (55, 79), (50, 74), (21, 45), (3, 27), (64, 88), (6, 30), (52, 76), (47, 71), (8, 32), (19, 43), (37, 61), (63, 87), (52, 76), (43, 67), (42, 66), (8, 32), (60, 84), (46, 70), (15, 39), (51, 75), (42, 66), (64, 88), (9, 33), (45, 69), (40, 64), (58, 82), (16, 40), (36, 60), (16, 40), (2, 26), (2, 26), (17, 41)]"
ACTATA,127,5.019604,0.0,"[67, 140, 558, 592, 909, 986, 1006, 1128, 1154, 1423, 1449, 1575, 1690, 2554, 2768, 3488, 3627, 3926, 4158, 4484, 4621, 5042, 88, 2167, 100, 860, 128, 172, 2371, 4842, 173, 558, 763, 769, 1196, 1285, 1611, 2100, 2925, 3288, 3386, 3960, 4448, 4846, 4956, 257, 1395, 1422, 2604, 2674, 3164, 3221, 4284, 4936, 4949, 333, 437, 757, 1278, 1324, 1852, 2099, 2110, 2253, 2340, 2732, 2901, 3293, 3407, 4210, 4309, 4382, 4895, 318, 1480, 1521, 2519, 2772, 411, 1958, 1966, 2907, 4600, 4640, 4939, 1136, 1978, 2387, 4881, 1267, 1682, 3315, 3340, 4547, 1286, 2880, 1642, 1778, 1963, 2705, 4645, 3133, 3366, 3812, 473, 831, 557, 1012, 867, 1532, 4259, 1878, 2611, 3509, 3875, 3372, 3530, 3628, 3693, 4059, 4020, 4251, 4426, 4905, 4954, 633, 3924]","[(20, 44), (34, 58), (11, 35), (62, 86), (29, 53), (51, 75), (51, 75), (2, 26), (23, 47), (47, 71), (62, 86), (18, 42), (61, 85), (36, 60), (53, 77), (41, 65), (17, 41), (34, 58), (0, 24), (54, 78), (55, 79), (7, 31), (25, 49), (9, 33), (46, 70), (15, 39), (37, 61), (58, 82), (17, 41), (14, 38), (12, 36), (48, 72), (35, 59), (30, 54), (39, 63), (38, 62), (2, 26), (53, 77), (32, 56), (61, 85), (19, 43), (18, 42), (63, 87), (42, 66), (3, 27), (4, 28), (34, 58), (47, 71), (53, 77), (22, 46), (61, 85), (10, 34), (66, 90), (66, 90), (6, 30), (11, 35), (2, 26), (27, 51), (30, 54), (5, 29), (6, 30), (32, 56), (30, 54), (39, 63), (57, 81), (26, 50), (41, 65), (59, 83), (28, 52), (35, 59), (41, 65), (32, 56), (27, 51), (34, 58), (9, 33), (43, 67), (2, 26), (55, 79), (13, 37), (27, 51), (28, 52), (49, 73), (13, 37), (62, 86), (61, 85), (3, 27), (5, 29), (31, 55), (13, 37), (4, 28), (58, 82), (28, 52), (19, 43), (51, 75), (47, 71), (17, 41), (57, 81), (47, 71), (33, 57), (29, 53), (44, 68), (39, 63), (17, 41), (30, 54), (61, 85), (8, 32), (64, 88), (63, 87), (11, 35), (2, 26), (55, 79), (37, 61), (54, 78), (51, 75), (37, 61), (2, 26), (61, 85), (51, 75), (1, 25), (50, 74), (58, 82), (0, 24), (65, 89), (8, 32), (54, 78), (40, 64), (30, 54)]"
TTACAA,25,1.952832,0.0,"[3614, 125, 1128, 1554, 2947, 3749, 196, 1088, 1914, 2687, 2924, 4989, 382, 2681, 552, 1281, 1042, 4781, 4752, 4881, 198, 4848, 254, 1408, 4931]","[(27, 51), (45, 69), (57, 81), (53, 77), (22, 46), (26, 50), (36, 60), (57, 81), (15, 39), (66, 90), (38, 62), (37, 61), (22, 46), (47, 71), (11, 35), (22, 46), (5, 29), (40, 64), (34, 58), (4, 28), (34, 58), (3, 27), (29, 53), (49, 73), (18, 42)]"
CATTTA,20,2.692333,0.0,"[159, 3649, 186, 4674, 579, 2629, 2971, 787, 2514, 2901, 4709, 2734, 3688, 3111, 3762, 775, 2252, 1575, 2346, 2538]","[(39, 63), (24, 48), (1, 25), (43, 67), (14, 38), (35, 59), (43, 67), (25, 49), (53, 77), (62, 86), (60, 84), (46, 70), (15, 39), (21, 45), (50, 74), (4, 28), (3, 27), (48, 72), (54, 78), (28, 52)]"
CCATAA,29,2.206775,0.0,"[169, 4948, 183, 1229, 1473, 2460, 2587, 4680, 216, 756, 2646, 878, 3193, 1053, 1802, 2727, 4818, 4955, 5053, 1847, 3027, 3401, 3788, 4650, 3360, 784, 1949, 2243, 3231]","[(5, 29), (58, 82), (24, 48), (38, 62), (29, 53), (30, 54), (39, 63), (43, 67), (12, 36), (20, 44), (24, 48), (31, 55), (42, 66), (9, 33), (55, 79), (22, 46), (10, 34), (26, 50), (43, 67), (33, 57), (52, 76), (28, 52), (52, 76), (30, 54), (3, 27), (23, 47), (26, 50), (13, 37), (0, 24)]"
TACGAA,4,1.556077,0.0,"[1063, 4894, 1632, 4507]","[(36, 60), (52, 76), (64, 88), (25, 49)]"
AGCCCA,8,2.04457,4.2e-07,"[763, 1251, 2973, 1394, 3086, 3226, 3947, 822]","[(10, 34), (51, 75), (36, 60), (50, 74), (6, 30), (14, 38), (12, 36), (6, 30)]"
CTAATT,21,3.148661,0.0,"[956, 1406, 1515, 2699, 3890, 1683, 2290, 1805, 3621, 4457, 3069, 3076, 65, 2285, 2522, 3427, 3946, 4375, 4399, 4291, 1393]","[(6, 30), (28, 52), (24, 48), (26, 50), (28, 52), (63, 87), (16, 40), (39, 63), (50, 74), (37, 61), (51, 75), (1, 25), (7, 31), (29, 53), (2, 26), (66, 90), (14, 38), (53, 77), (4, 28), (48, 72), (21, 45)]"
TCAAAC,5,1.951442,0.0,"[1126, 4994, 1129, 2619, 4894]","[(26, 50), (24, 48), (59, 83), (6, 30), (30, 54)]"
TTTAAT,20,3.102439,0.0,"[1522, 4162, 4446, 1668, 1823, 2530, 4344, 3814, 316, 628, 1407, 3793, 1102, 2268, 2691, 3049, 3630, 4360, 4680, 760]","[(10, 34), (47, 71), (32, 56), (57, 81), (4, 28), (40, 64), (57, 81), (22, 46), (2, 26), (10, 34), (60, 84), (37, 61), (9, 33), (65, 89), (27, 51), (10, 34), (32, 56), (54, 78), (63, 87), (35, 59)]"
CACTAT,5,1.588729,1e-08,"[2581, 3493, 4206, 4963, 96]","[(22, 46), (50, 74), (39, 63), (57, 81), (14, 38)]"
ATAGTA,3,2.843319,0.0,"[2739, 3543, 3865]","[(4, 28), (4, 28), (48, 72)]"
ATTTTAA,66,7.887949,0.0,"[154, 216, 1634, 3075, 329, 2449, 4512, 622, 4221, 680, 2003, 3218, 5034, 698, 714, 4514, 914, 1027, 1698, 2168, 3320, 1052, 1532, 1569, 2243, 2485, 3314, 4458, 2035, 2197, 3233, 2243, 5023, 2429, 2817, 3102, 3194, 3464, 4851, 5016, 3610, 3688, 4264, 4615, 4701, 101, 169, 242, 407, 3104, 472, 491, 498, 1791, 1503, 3214, 1740, 2400, 2423, 154, 219, 2792, 98, 101, 1391, 2748]","[(49, 73), (4, 28), (37, 61), (3, 27), (58, 82), (0, 24), (56, 80), (48, 72), (51, 75), (10, 34), (42, 66), (38, 62), (46, 70), (11, 35), (36, 60), (66, 90), (3, 27), (59, 83), (53, 77), (48, 72), (50, 74), (29, 53), (42, 66), (9, 33), (23, 47), (66, 90), (0, 24), (18, 42), (22, 46), (23, 47), (49, 73), (54, 78), (61, 85), (25, 49), (54, 78), (60, 84), (36, 60), (64, 88), (66, 90), (24, 48), (1, 25), (30, 54), (13, 37), (39, 63), (2, 26), (60, 84), (64, 88), (63, 87), (45, 69), (49, 73), (47, 71), (8, 32), (62, 86), (15, 39), (0, 24), (8, 32), (47, 71), (26, 50), (28, 52), (29, 53), (4, 28), (30, 54), (57, 81), (24, 48), (29, 53), (50, 74)]"
TTAAAGA,35,3.579196,0.0,"[214, 214, 277, 1171, 2749, 2956, 3227, 3833, 4784, 4837, 416, 936, 975, 2209, 3503, 3659, 1767, 2819, 3193, 3206, 4119, 4651, 4683, 278, 339, 359, 3834, 2539, 628, 2951, 2099, 3104, 4359, 1567, 2684]","[(2, 26), (27, 51), (47, 71), (35, 59), (24, 48), (6, 30), (51, 75), (27, 51), (36, 60), (66, 90), (59, 83), (7, 31), (18, 42), (27, 51), (24, 48), (58, 82), (34, 58), (53, 77), (15, 39), (30, 54), (35, 59), (41, 65), (60, 84), (11, 35), (2, 26), (55, 79), (61, 85), (7, 31), (23, 47), (53, 77), (25, 49), (66, 90), (58, 82), (63, 87), (31, 55)]"
CAAATAT,26,9.035287,0.0,"[237, 1855, 681, 1399, 2185, 2987, 831, 2106, 3463, 3835, 1339, 1609, 2251, 3811, 2272, 2720, 3632, 3937, 4126, 4155, 4504, 610, 340, 415, 824, 2615]","[(40, 64), (48, 72), (20, 44), (64, 88), (61, 85), (61, 85), (26, 50), (18, 42), (4, 28), (53, 77), (49, 73), (26, 50), (25, 49), (14, 38), (47, 71), (7, 31), (51, 75), (60, 84), (0, 24), (2, 26), (45, 69), (11, 35), (20, 44), (52, 76), (12, 36), (48, 72)]"
ACATACA,10,10.039208,0.0,"[961, 1760, 1767, 1922, 4049, 3263, 4115, 186, 2151, 2157]","[(26, 50), (43, 67), (14, 38), (3, 27), (48, 72), (25, 49), (40, 64), (43, 67), (6, 30), (58, 82)]"
AAAGTTA,4,2.483383,0.0,"[3511, 4678, 5098, 1323]","[(24, 48), (28, 52), (33, 57), (26, 50)]"
TCTATAAA,25,11.545089,0.0,"[922, 1440, 2516, 2542, 2716, 3397, 3585, 4042, 4471, 4807, 4925, 3492, 214, 711, 834, 953, 1383, 2243, 2887, 3248, 3282, 3532, 3579, 4386, 3391]","[(9, 33), (65, 89), (53, 77), (27, 51), (2, 26), (24, 48), (64, 88), (61, 85), (17, 41), (63, 87), (21, 45), (51, 75), (16, 40), (21, 45), (0, 24), (62, 86), (65, 89), (3, 27), (7, 31), (14, 38), (51, 75), (64, 88), (51, 75), (47, 71), (14, 38)]"
TTTTATAT,33,14.054891,0.0,"[1334, 1398, 1505, 1573, 1651, 2004, 2204, 2297, 2474, 2934, 3221, 3242, 3447, 4627, 4680, 4924, 351, 459, 484, 2185, 725, 871, 1716, 1887, 2817, 3103, 3154, 1231, 3245, 4771, 4541, 5068, 330]","[(23, 47), (36, 60), (63, 87), (36, 60), (34, 58), (10, 34), (13, 37), (46, 70), (16, 40), (51, 75), (24, 48), (24, 48), (63, 87), (64, 88), (2, 26), (65, 89), (16, 40), (24, 48), (41, 65), (35, 59), (10, 34), (36, 60), (65, 89), (63, 87), (9, 33), (51, 75), (49, 73), (22, 46), (41, 65), (8, 32), (47, 71), (65, 89), (25, 49)]"
TAACTTTT,11,3.764703,0.0,"[2318, 2538, 2586, 3092, 4506, 566, 2041, 2092, 3588, 4288, 1446]","[(35, 59), (13, 37), (31, 55), (39, 63), (63, 87), (64, 88), (61, 85), (31, 55), (27, 51), (15, 39), (13, 37)]"
AACTAAAA,7,4.81882,0.0,"[4216, 472, 476, 2941, 3306, 4422, 36]","[(25, 49), (57, 81), (54, 78), (39, 63), (23, 47), (43, 67), (41, 65)]"
AAAAAAGAAA,3,2352479.905901,0.0,"[3182, 3717, 4422]","[(12, 36), (3, 27), (22, 46)]"
AATTTTAAAAG,5,2156439.913742,2.173e-05,"[1242, 1658, 2118, 3279, 3720]","[(45, 69), (35, 59), (65, 89), (3, 27), (29, 53)]"
